no,일본어단어,한국어 뜻,영어 뜻,비고,Hiragana,Kanji
1,?う,만나다,to meet,,あう,?う
2,?い,푸른,blue,,あおい,?い
3,赤い,빨간,red,,あかい,赤い
4,明い,선명한,bright,,あかるい,明い
5,秋,가을,autumn,,あき,秋
6,開く,열리다,"to open, to become open",,あく,開く
7,開ける,열기,to open,,あける,開ける
8,上げる,주다,to give,,あげる,上げる
9,朝,아침,morning,,あさ,朝
10,朝御飯,아침밥,breakfast,,あさごはん,朝御飯
11,あさって,모레,day after tomorrow,,あさって,
12,足,다리,"foot, leg",,あし,足
13,明日,내일,tomorrow,,あした,明日
14,あそこ,저기,over there,,あそこ,
15,遊ぶ,놀다,"to play, to make a visit",,あそぶ,遊ぶ
16,暖かい,따뜻한,warm,,あたたかい,暖かい
17,頭,머리,head,,あたま,頭
18,新しい,새로운,new,,あたらしい,新しい
19,あちら,저쪽,there,,あちら,
20,暑い,덥다,hot,,あつい,暑い
21,熱い,뜨거다,hot to the touch,,あつい,熱い
22,厚い,두꺼다,"kind, deep, thick",,あつい,厚い
23,あっち,저기,over there,,あっち,
24,後,나중에,afterwards,,あと,後
25,あなた,당신,you,,あなた,
26,兄,형,(humble) older brother,,あに,兄
27,姉,언니,(humble) older sister,,あね,姉
28,あの,그,that over there,,あの,
29,あの,음 ...,um...,,あの,
30,アパ?ト,아파트,apartment,,アパ?ト,
31,あびる,목욕하다,"to bathe, to shower",,あびる,
32,危ない,위험하다,dangerous,,あぶない,危ない
33,甘い,달콤한,sweet,,あまい,甘い
34,あまり,별로,not very,,あまり,
35,雨,비,rain,,あめ,雨
36,飴,사탕,candy,,あめ,飴
37,洗う,씻다,to wash,,あらう,洗う
38,ある,있다,"to be,to have (used for inanimate objects)",,ある,
39,?く,걷다,to walk,,あるく,?く
40,あれ,그것,that,,あれ,
41,いい,좋은,good,よい,いい,
42,いいえ,아니오,no,,いいえ,
43,言う,말,to say,,いう,言う
44,家,집,house,,いえ,家
45,いかが,어떻게,how,,いかが,
46,行く,가다,to go,,いく,行く
47,いくつ,몇,"how many?,how old?",,いくつ,
48,いくら,얼마,how much?,,いくら,
49,池,연못,pond,,いけ,池
50,?者,의사,medical doctor,,いしゃ,?者
51,いす,의자,chair,,いす,
52,忙しい,바쁘다,"busy, irritated",,いそがしい,忙しい
53,痛い,아프다,painful,,いたい,痛い
54,一,일,one,,いち,一
55,一日,일일,first of the month,,いちにち,一日
56,いちばん,가장,"best, first",,いちばん,
57,いつ,언제,when,,いつ,
58,五日,5 일,"five days, fifth day",,いつか,五日
59,一?,함께,together,,いっしょ,一?
60,五つ,다섯,five,,いつつ,五つ
61,いつも,항상,always,,いつも,
62,犬,개,dog,,いぬ,犬
63,今,지금,now,,いま,今
64,意味,의미,meaning,,いみ,意味
65,妹,여동생,(humble) younger sister,,いもうと,妹
66,嫌,싫음,unpleasant,,いや,嫌
67,入口,입구,entrance,,いりぐち,入口
68,居る,있다,"to be, to have (used for people and animals)",,いる,居る
69,要る,필요하다,to need,,いる,要る
70,入れる,넣다,to put in,,いれる,入れる
71,色,색,colour,,いろ,色
72,いろいろ,여러가지,various,,いろいろ,
73,上,위,on top of,,うえ,上
74,後ろ,뒤에,behind,,うしろ,後ろ
75,薄い,얇다,"thin,weak",,うすい,薄い
76,歌,노래,song,,うた,歌
77,歌う,노래하다,to sing,,うたう,歌う
78,生まれる, 태어나다,to be born,,うまれる,生まれる
79,海,바다,sea,,うみ,海
80,?る,팔다,to sell,,うる,?る
81,煩い,시끄럽다,"noisy, annoying",,うるさい,煩い
82,上着,겉옷,jacket,,うわぎ,上着
83,?,그림,picture,,え,?
84,映?,영화,movie,,えいが,映?
85,映?館,영화관,cinema,,えいがかん,映?館
86,英語,영어,English language,,えいご,英語
87,ええ,예,yes,,ええ,
88,?,역,station,,えき,?
89,エレベ?タ?,엘리베이터,elevator,,エレベ?タ?,
90,鉛筆,연필,pencil,,えんぴつ,鉛筆
91,おいしい,맛있는,delicious,,おいしい,
92,多い,많은,many,,おおい,多い
93,大きい,큰,big,,おおきい,大きい
94,大きな,큰,big,,おおきな,大きな
95,大勢,대세,great number of people,,おおぜい,大勢
96,お母さん,엄마,(honorable) mother,,おかあさん,お母さん
97,お菓子,과자,"sweets, candy",,おかし,お菓子
98,お金,돈,money,,おかね,お金
99,起きる,일어나다,to get up,,おきる,起きる
100,置く,두다,to put,,おく,置く
101,?さん,부인,(honorable) wife,,おくさん,?さん
102,お酒,술,"alcohol, rice wine",,おさけ,お酒
103,お皿,접시,"plate, dish",,おさら,お皿
104,伯父さん,할아버지,"grandfather, male senior citizen",叔父,おじいさん,伯父
105,?える,가르치다,"to teach, to tell",,おしえる,?える
106,伯父さん,아저씨,"uncle, middle aged gentleman",叔父,おじさん,伯父
107,押す,밀다,"to push, to stamp something",,おす,押す
108,?い,늦다,"late, slow",,おそい,?い
109,お茶,차,green tea,,おちゃ,お茶
110,お手洗い,화장실,bathroom,,おてあらい,お手洗い
111,お父さん,아버지,(honorable) father,,おとうさん,お父さん
112,弟,동생,younger brother,,おとうと,弟
113,男,남자,Man,,おとこ,男
114,男の子,소년,Boy,,おとこのこ,男の子
115,一昨日,그저께,day before yesterday,,おととい,一昨日
116,一昨年,지난해,year before last,,おととし,一昨年
117,大人,성인,Adult,,おとな,大人
118,おなか,배,stomach,,おなか,
119,同じ,같은,same,,おなじ,同じ
120,お兄さん,형,(honorable) older brother,,おにいさん,お兄さん
121,お姉さん,언니,(honorable) older sister,,おねえさん,お姉さん
122,おばあさん,할머니,"grandmother, female senior-citizen",,おばあさん,
123,伯母さん,아주머니,Aunt,叔母さん,おばさん,伯母さん/叔母さん
124,お風呂,목욕,Bath,,おふろ,お風呂
125,お弁?,도시락,boxed lunch,,おべんとう,お弁?
126,?える,기억하다,to remember,,おぼえる,?える
127,おまわりさん,경찰,friendly term for policeman,,おまわりさん,
128,重い,무거운,Heavy,,おもい,重い
129,おもしろい,재미,Interesting,,おもしろい,
130,泳ぐ,수영,to swim,,およぐ,泳ぐ
131,降りる,내리다,"to get off, to descend",,おりる,降りる
132,終る,끝나다,to finish,,おわる,終る
133,音?,음악,Music,,おんがく,音?
134,女,여자,Woman,,おんな,女
135,女の子,소녀,Girl,,おんなのこ,女の子
136,外?,외국,foreign country,,がいこく,外?
137,外?人,외국인,Foreigner,,がいこくじん,外?人
138,?社,회사,Company,,かいしゃ,?社
139,階段,계단,Stairs,,かいだん,階段
140,買い物,쇼핑,Shopping,,かいもの,買い物
141,買う,구매,to buy,,かう,買う
142,返す,반환하다,to return something,,かえす,返す
143,?る,돌아,to go back,,かえる,?る
144,かかる,걸리다,to take time or money,,かかる,
145,かぎ,열쇠,Key,,かぎ,
146,書く,쓰기,to write,,かく,書く
147,?生,학생,Student,,がくせい,?生
148,かける,걸다,to call by phone,,かける,
149,傘,우산,Umbrella,,かさ,傘
150,貸す,빌려,to lend,,かす,貸す
151,風,바람,Wind,,かぜ,風
152,風邪,감기,a cold,,かぜ,風邪
153,家族,가족,Family,,かぞく,家族
154,方,방법,"person, way of doing",,かた,方
155,?校,학교,School,,がっこう,?校
156,カップ,컵,Cup,,カップ,
157,家庭,가정,Household,,かてい,家庭
158,角,모서리,a corner,,かど,角
159,かばん,가방,"bag, basket",,かばん,
160,花?,꽃병,a vase,,かびん,花?
161,紙,종이,paper,,かみ,紙
162,カメラ,카메라,camera,,カメラ,
163,火曜日,화요일,Tuesday,,かようび,火曜日
164,辛い,맵다,Spicy,,からい,辛い
165,?,몸,Body,,からだ,?
166,借りる,빌리다,to borrow,,かりる,借りる
167,?い,가볍다,Light,,かるい,?い
168,カレ?,카레,Curry,,カレ?,
169,カレンダ?,달력,calendar,,カレンダ?,
170,川,강,River,河,かわ,川/河
171,かわいい,귀엽다,Cute,,かわいい,
172,漢字,한자,Chinese character,,かんじ,漢字
173,木,나무,"tree, wood",,き,木
174,?色い,노랗다,yellow,,きいろい,?色い
175,消える,사라,to disappear,,きえる,消える
176,聞く,듣다,"to hear, to listen to, to ask",,きく,聞く
177,北,북,North,,きた,北
178,ギタ?,기타,Guitar,,ギタ?,
179,汚い,더러운,Dirty,,きたない,汚い
180,喫茶店,커피숖,coffee lounge,,きっさてん,喫茶店
181,切手,우표,postage stamp,,きって,切手
182,切符,티켓,Ticket,,きっぷ,切符
183,昨日,어제,Yesterday,,きのう,昨日
184,九,아홉,Nine,く,きゅう,九
185,牛肉,쇠고기,Beef,,ぎゅうにく,牛肉
186,牛乳,우유,Milk,,ぎゅうにゅう,牛乳
187,今日,오늘,Today,,きょう,今日
188,?室,교실,Classroom,,きょうしつ,?室
189,兄弟,형제,(humble) siblings,,きょうだい,兄弟
190,去年,작년,last year,,きょねん,去年
191,嫌い,싫음,Hate,,きらい,嫌い
192,切る,자르다,to cut,,きる,切る
193,着る,옷을 입다,to put on from the shoulders down,,きる,着る
194,きれい,예쁨,"pretty, clean",,きれい,
195,キロ,킬로그램,Kilogram,キログラム,キロ,
196,キロ,킬로미터,Kilometer,キロメ?トル,キロ,
197,銀行,은행,Bank,,ぎんこう,銀行
198,金曜日,금요일,Friday,,きんようび,金曜日
199,?,약,medicine,,くすり,?
200,ください,~해 주세요,Please,,ください,
201,果物,과일,Fruit,,くだもの,果物
202,口,입,"mouth, opening",,くち,口
203,靴,신발,Shoes,,くつ,靴
204,靴下,양말,Socks,,くつした,靴下
205,?,국가,Country,,くに,?
206,曇り,흐림,cloudy weather,,くもり,曇り
207,曇る,흐리다,"to become cloudy, to become dim",,くもる,曇る
208,暗い,어둡다,Gloomy,,くらい,暗い
209,クラス,클래스,Class,,クラス,
210,グラム,그램,Gram,,グラム,
211,?る,오다,to come,,くる,?る
212,車,자동차,"car, vehicle",,くるま,車
213,?,검정,Black,,くろ,?
214,?い,검은,black,,くろい,?い
215,警官,경찰,policeman,,けいかん,警官
216,今朝,오늘 아침,this morning,,けさ,今朝
217,消す,지우,"to erase, to turn off power",,けす,消す
218,結構,훌륭함,"splendid, enough",,けっこう,結構
219,結婚,결혼,Marriage,,けっこん,結婚
220,月曜日,월요일,Monday,,げつようび,月曜日
221,玄?,현관,entry hall,,げんかん,玄?
222,元?,건강,"health, vitality",,げんき,元?
223,五,다섯,Five,,ご,五
224,公園,공원,Park,,こうえん,公園
225,交差点,교차로,intersection,,こうさてん,交差点
226,紅茶,차,black tea,,こうちゃ,紅茶
227,交番,파출소,police box,,こうばん,交番
228,?,목소리,Voice,,こえ,?
229,コ?ト,코트,"coat, tennis court",,コ?ト,
230,コ?ヒ?,커피,Coffee,,コ?ヒ?,
231,ここ,여기,Here,,ここ,
232,午後,오후,afternoon,,ごご,午後
233,九日,9일,"nine days, ninth day",,ここのか,九日
234,九つ,아홉,Nine,,ここのつ,九つ
235,午前,오전,morning,,ごぜん,午前
236,答える,대답하다,to answer,,こたえる,答える
237,こちら,이쪽,this person or way,,こちら,
238,こっち,여기,this person or way,,こっち,
239,コップ,컵,a glass,,コップ,
240,今年,올해,this year,,ことし,今年
241,言葉,말,"word, language",,ことば,言葉
242,子供,아이,Child,,こども,子供
243,この,이,This,,この,
244,御飯,밥,"cooked rice, meal",,ごはん,御飯
245,コピ?する,복사,to copy,,コピ?する,
246,困る,곤란하다,to be worried,,こまる,困る
247,これ,이것,This,,これ,
248,今月,금월,this month,,こんげつ,今月
249,今週,이번 주,this week,,こんしゅう,今週
250,こんな,이러한,Such,,こんな,
251,今晩,오늘 밤,this evening,,こんばん,今晩
252,さあ,잘…,well…,,さあ,
253,財布,지갑,Wallet,,さいふ,財布
254,魚,물고기,Fish,,さかな,魚
255,先,앞,"the future, previous",,さき,先
256,?く,피다,to bloom,,さく,?く
257,作文,작문,"composition, writing",,さくぶん,作文
258,差す,가리다,"to stretch out hands, to raise an umbrella",,さす,差す
259,?誌,잡지,Magazine,,ざっし,?誌
260,砂糖,설탕,Sugar,,さとう,砂糖
261,寒い,춥다,Cold,,さむい,寒い
262,さ?年,다음 해,year after next,,さらいねん,さ?年
263,三,셋,Three,,さん,三
264,散?する,산책,to stroll,,さんぽする,散?
265,四,넷,Four,よん,し,四
266,?,소금,Salt,,しお,?
267,しかし,그러나,However,,しかし,
268,時間,시간,Time,,じかん,時間
269,仕事,일,Job,,しごと,仕事
270,?書,사전,Dictionary,,じしょ,?書
271,?か,조용,Quiet,,しずか,?か
272,下,아래,Below,,した,下
273,七,칠,Seven,なな,しち,七
274,質問,질문,Question,,しつもん,質問
275,自?車,자전거,Bicycle,,じてんしゃ,自?車
276,自動車,자동차,Automobile,,じどうしゃ,自動車
277,死ぬ,죽다,to die,,しぬ,死ぬ
278,字引,사전,Dictionary,,じびき,字引
279,自分,자신,Oneself,,じぶん,自分
280,閉まる,꼭 닫히다,"to close, to be closed",,しまる,閉まる
281,閉める,닫다,to close something,,しめる,閉める
282,締める,닫다,to tie,,しめる,締める
283,じゃ,그럼,well then…,じゃあ,じゃ,
284,??,사진,photograph,,しゃしん,??
285,シャツ,셔츠,Shirt,,シャツ,
286,シャワ?,샤워,Shower,,シャワ?,
287,十,십,Ten,,じゅう,十
288,授業,수업,"lesson, class work",,じゅぎょう,授業
289,宿題,숙제,homework,,しゅくだい,宿題
290,上手,잘,Skillful,,じょうず,上手
291,丈夫,건강함,"strong, durable",,じょうぶ,丈夫
292,しょうゆ,간장,soy sauce,,しょうゆ,
293,食堂,식당,dining hall,,しょくどう,食堂
294,知る,알,to know,,しる,知る
295,白い,하얀,White,,しろい,白い
296,新聞,신문,newspaper,,しんぶん,新聞
297,水曜日,수요일,Wednesday,,すいようび,水曜日
298,吸う,들이마시다,"to smoke, to suck",,すう,吸う
299,スカ?ト,스커트,Skirt,,スカ?ト,
300,好き,좋아함,Likeable,,すき,好き
301,少ない,적다,a few,,すくない,少ない
302,すぐに,즉시,Instantly,,すぐに,
303,少し,조금,Few,,すこし,少し
304,?しい,차가운,Refreshing,,すずしい,?しい
305,スト?ブ,스토브,Heater,,スト?ブ,
306,スプ?ン,숟가락,Spoon,,スプ?ン,
307,スポ?ツ,스포츠,Sport,,スポ?ツ,
308,ズボン,바지,Trousers,,ズボン,
309,住む,살다,to live in,,すむ,住む
310,スリッパ,슬리퍼,Slippers,,スリッパ,
311,する,하다,to do,,する,
312,座る,앉다,to sit,,すわる,座る
313,背,키,"height, stature",,せ,背
314,生徒,학생,Pupil,,せいと,生徒
315,セ?タ?,스웨터,"sweater, jumper",,セ?タ?,
316,せっけん,경제,Economy,,せっけん,
317,背?,정장,business suit,,せびろ,背?
318,?い,좁다,Narrow,,せまい,?い
319,ゼロ,제로,Zero,,ゼロ,
320,千,천,Thousand,,せん,千
321,先月,지난 달,last month,,せんげつ,先月
322,先週,지난,last week,,せんしゅう,先週
323,先生,선생님,"teacher, doctor",,せんせい,先生
324,洗濯,세탁,Washing,,せんたく,洗濯
325,全部,전체,All,,ぜんぶ,全部
326,掃除する,청소하다,"to clean, to sweep",,そうじする,掃除
327,そうして,그리고,And,そして,そうして,
328,そこ,거기,that place,,そこ,
329,そちら,그 쪽,over there,,そちら,
330,そっち,그쪽,over there,,そっち,
331,外,외부,Outside,,そと,外
332,その,그,That,,その,
333,そば,옆,"near, beside",,そば,
334,空,하늘,Sky,,そら,空
335,それ,그것,that,,それ,
336,それから,그 다음에,after that,,それから,
337,それでは,그러면,in that situation,,それでは,
338,大?,대학,university,,だいがく,大?
339,大使館,대사관,embassy,,たいしかん,大使館
340,大丈夫,괜찮아,all right,,だいじょうぶ,大丈夫
341,大好き,매우 좋음,to be very likeable,,だいすき,大好き
342,大切,중요,important,,たいせつ,大切
343,台所,부엌,kitchen,,だいどころ,台所
344,たいへん,몹시,very,,たいへん,
345,たいへん,큰일,difficult situation,,たいへん,
346,高い,높다,"tall, expensive",,たかい,高い
347,たくさん,많음,many,,たくさん,
348,タクシ?,택시,taxi,,タクシ?,
349,出す,내다,to put out,,だす,出す
350,立つ,일어서다,to stand,,たつ,立つ
351,たて,세로,"length,height",,たて,
352,建物,건물,building,,たてもの,建物
353,?しい,재미,enjoyable,,たのしい,?しい
354,?む,부탁하다,to ask,,たのむ,?む
355,たばこ,담배,"tobacco,cigarettes",,たばこ,
356,たぶん,아마,probably,,たぶん,
357,食べ物,음식,food,,たべもの,食べ物
358,食べる,먹다,to eat,,たべる,食べる
359,卵,계란,egg,,たまご,卵
360,誰,누구,who,,だれ,誰
361,誰か,누군가,somebody,,だれか,誰
362,誕生日,생일,birthday,,たんじょうび,誕生日
363,だんだん,차차,gradually,,だんだん,
364,小さい,작은,little,,ちいさい,小さい
365,小さな,작은,little,,ちいさな,小さな
366,近い,가깝다,near,,ちかい,近い
367,違う,다른,to differ,,ちがう,違う
368,近く,근처,near,,ちかく,近く
369,地下?,지하철,underground train,,ちかてつ,地下?
370,地?,지도,map,,ちず,地?
371,茶色,갈색,brown,,ちゃいろ,茶色
372,ちゃわん,그릇,rice bowl,,ちゃわん,
373,ちょうど,꼭,exactly,,ちょうど,
374,ちょっと,조금,somewhat,,ちょっと,
375,一日,초하루,first of month,,ついたち,一日
376,使う,쓰다,to use,,つかう,使う
377,疲れる,피곤,to get tired,,つかれる,疲れる
378,次,다음,next,,つぎ,次
379,着く,도착,to arrive at,,つく,着く
380,机,책상,desk,,つくえ,机
381,作る,만들다,to make,,つくる,作る
382,つける,붙이다,to turn on,,つける,
383,勤める,근무하다,to work for someone,,つとめる,勤める
384,つまらない,시시하다,boring,,つまらない,
385,冷たい,차갑다,cold to the touch,,つめたい,冷たい
386,?い,강한,powerful,,つよい,?い
387,手,손,hand,,て,手
388,テ?プ,테이프,tape,,テ?プ,
389,テ?ブル,테이블,table,,テ?ブル,
390,テ?プレコ?ダ?,테이프 레코더,tape recorder,,テ?プレコ?ダ?,
391,出かける,외출,to go out,,でかける,出かける
392,手紙,편지,letter,,てがみ,手紙
393,できる,할 수 있다,to be able to,,できる,
394,出口,출구,exit,,でぐち,出口
395,テスト,테스트,test,,テスト,
396,では,그러면,with that...,,では,
397,デパ?ト,백화점,department store,,デパ?ト,
398,でも,그러나,but,,でも,
399,出る,나가다,"to appear,to leave",,でる,出る
400,テレビ,텔레비전,television,,テレビ,
401,天?,날씨,weather,,てんき,天?
402,電?,전기,"electricity,electric light",,でんき,電?
403,電車,전차,electric train,,でんしゃ,電車
404,電話,전화,telephone,,でんわ,電話
405,?,문,Japanese style door,,と,?
406,ドア,문,Western style door,,ドア,
407,トイレ,화장실,toilet,,トイレ,
408,どう,어떻게,"how,in what way",,どう,
409,どうして,어떻게,for what reason,,どうして,
410,どうぞ,아무쪼록,please,,どうぞ,
411,動物,동물,animal,,どうぶつ,動物
412,どうも,감사합니다,thanks,,どうも,
413,遠い,멀다,far,,とおい,遠い
414,十日,열흘,"ten days,the tenth day",,とおか,十日
415,時?,때때로,sometimes,,ときどき,時?
416,時計,시계,"watch,clock",,とけい,時計
417,どこ,어디,where,,どこ,
418,所,곳,place,,ところ,所
419,年,년,year,,とし,年
420,?書館,도서관,library,,としょかん,?書館
421,どちら,어느 쪽,which of two,,どちら,
422,どっち,어느 쪽,which,,どっち,
423,とても,아무리 해도,very,,とても,
424,どなた,누구,who,,どなた,
425,隣,이웃,next door to,,となり,隣
426,どの,어느,which,,どの,
427,飛ぶ,날다,"to fly,to hop",,とぶ,飛ぶ
428,止まる,멈추다,to come to a halt,,とまる,止まる
429,友達,친구,friend,,ともだち,友達
430,土曜日,토요일,Saturday,,どようび,土曜日
431,鳥,새,bird,,とり,鳥
432,とり肉,닭고기,chicken meat,,とりにく,とり肉
433,取る,가지고,to take something,,とる,取る
434,撮る,찍다,to take a photo or record a film,,とる,撮る
435,どれ,어느,which (of three or more),,どれ,
436,ナイフ,칼,knife,,ナイフ,
437,中,가운데,middle,,なか,中
438,長い,긴,long,,ながい,長い
439,鳴く,울다,"animal noise. to chirp, roar or croak etc.",,なく,鳴く
440,無くす,없애다,to lose something,,なくす,無くす
441,なぜ,왜,why,,なぜ,
442,夏,여름,summer,,なつ,夏
443,夏休み,여름 방학,summer holiday,,なつやすみ,夏休み
444,など,등,et cetera,,など,
445,七つ,일곱,seven,,ななつ,七つ
446,七日,일곱째 날,"seven days,the seventh day",,なのか,七日
447,名前,이름,name,,なまえ,名前
448,習う,배우,to learn,,ならう,習う
449,?ぶ,늘어선,"to line up,to stand in a line",,ならぶ,?ぶ
450,?べる,나란히,"to line up,to set up",,ならべる,?べる
451,なる,되다,to become,,なる,
452,何,무엇,what,なに,なん,何
453,二,둘,two,,に,二
454,賑やか,분주,"bustling,busy",,にぎやか,賑やか
455,肉,고기,meat,,にく,肉
456,西,서쪽,west,,にし,西
457,日曜日,일요일,Sunday,,にちようび,日曜日
458,荷物,짐,luggage,,にもつ,荷物
459,ニュ?ス,뉴스,news,,ニュ?ス,
460,庭,정원,garden,,にわ,庭
461,?ぐ,옷을 벗다,to take off clothes,,ぬぐ,?ぐ
462,?い,미지근한,luke warm,,ぬるい,?い
463,ネクタイ,넥타이,"tie,necktie",,ネクタイ,
464,猫,고양이,cat,,ねこ,猫
465,?る,자다,"to go to bed,to sleep",,ねる,?る
466,ノ?ト,노트,"notebook,exercise book",,ノ?ト,
467,登る,등반,to climb,,のぼる,登る
468,?み物,음료,a drink,,のみもの,?み物
469,?む,마시다,to drink,,のむ,?む
470,?る,타다,"to get on,to ride",,のる,?る
471,?,치아,tooth,,は,?
472,パ?ティ?,파티,party,,パ?ティ?,
473,はい,예,yes,,はい,
474,灰皿,재떨이,ashtray,,はいざら,灰皿
475,入る,들어가다,"to enter,to contain",,はいる,入る
476,葉書,엽서,postcard,,はがき,葉書
477,はく,입다,"to wear,to put on trousers",,はく,
478,箱,상자,box,,はこ,箱
479,橋,다리,bridge,,はし,橋
480,はし,젓가락,chopsticks,,はし,
481,始まる,시작,to begin,,はじまる,始まる
482,初め,처음,beginning,始め,はじめ,初め/始め
483,初めて,처음,for the first time,,はじめて,初めて
484,走る,달리다,to run,,はしる,走る
485,バス,버스,bus,,バス,
486,バタ?,버터,butter,,バタ?,
487,二十?,스무 살,"20 years old,20th year",,はたち,二十?
488,?く,일하다,to work,,はたらく,?く
489,八,여덟,eight,,はち,八
490,二十日,20일,"twenty days,twentieth",,はつか,二十日
491,花,꽃,flower,,はな,花
492,鼻,코,nose,,はな,鼻
493,話,이야기,"talk,story",,はなし,話
494,話す,이야기하다,to speak,,はなす,話す
495,早い,이르다,early,,はやい,早い
496,速い,빠르다,quick,,はやい,速い
497,春,봄,spring,,はる,春
498,貼る,붙이다,to stick,,はる,貼る
499,晴れ,맑음,clear weather,,はれ,晴れ
500,晴れる,맑은,to be sunny,,はれる,晴れる
501,半,반,half,,はん,半
502,晩,저녁,evening,,ばん,晩
503,パン,빵,bread,,パン,
504,ハンカチ,손수건,handkerchief,,ハンカチ,
505,番?,번호,number,,ばんごう,番?
506,晩御飯,저녁 식사,evening meal,,ばんごはん,晩御飯
507,半分,반,half minute,,はんぶん,半分
508,東,동쪽,east,,ひがし,東
509,引く,끌다,to pull,,ひく,引く
510,?く,연주하다,"to play an instrument with strings, including piano",,ひく,?く
511,低い,낮다,"short,low",,ひくい,低い
512,飛行機,비행기,aeroplane,,ひこうき,飛行機
513,左,왼쪽,left hand side,,ひだり,左
514,人,사람,person,,ひと,人
515,一つ,하나,one,,ひとつ,一つ
516,一月,한달,one month,,ひとつき,一月
517,一人,한 사람,one person,,ひとり,一人
518,暇,자유 시간,free time,,ひま,暇
519,百,백,hundred,,ひゃく,百
520,病院,병원,hospital,,びょういん,病院
521,病?,질병,illness,,びょうき,病?
522,?,낮,"noon, daytime",,ひる,?
523,?御飯,점심,midday meal,,ひるごはん,?御飯
524,?い,넓은,"spacious,wide",,ひろい,?い
525,フィルム,필름,roll of film,,フィルム,
526,封筒,봉투,envelope,,ふうとう,封筒
527,プ?ル,수영장,swimming pool,,プ?ル,
528,フォ?ク,포크,fork,,フォ?ク,
529,吹く,불다,to blow,,ふく,吹く
530,服,옷,clothes,,ふく,服
531,二つ,둘,two,,ふたつ,二つ
532,豚肉,돼지 고기,pork,,ぶたにく,豚肉
533,二人,두 사람,two people,,ふたり,二人
534,二日,이틀,"two days, second day of the month",,ふつか,二日
535,太い,굵다,fat,,ふとい,太い
536,冬,겨울,winter,,ふゆ,冬
537,降る,내리다,"to fall, e.g. rain or snow",,ふる,降る
538,古い,오래되다,old (not used for people),,ふるい,古い
539,ふろ,욕조,bath,,ふろ,
540,文章,문장,"sentence,text",,ぶんしょう,文章
541,ペ?ジ,페이지,page,,ペ?ジ,
542,下手,어설픔,unskillful,,へた,下手
543,ベッド,침대,bed,,ベッド,
544,ペット,애완 동물,pet,,ペット,
545,部屋,방,room,,へや,部屋
546,?,지역,area,,へん,?
547,ペン,펜,pen,,ペン,
548,勉?する,공부,to study,,べんきょうする,勉?
549,便利,편리,"useful, convenient",,べんり,便利
550,帽子,모자,hat,,ぼうし,帽子
551,ボ?ルペン,볼펜,ball-point pen,,ボ?ルペン,
552,ほか,다른 것,"other, the rest",,ほか,
553,ポケット,포켓,pocket,,ポケット,
554,欲しい,바라다,want,,ほしい,欲しい
555,ポスト,우편,post,,ポスト,
556,細い,얇은,thin,,ほそい,細い
557,ボタン,버튼,button,,ボタン,
558,ホテル,호텔,hotel,,ホテル,
559,本,책,book,,ほん,本
560,本棚,책장,bookshelves,,ほんだな,本棚
561,ほんとう,진실,truth,,ほんとう,
562,?朝,매일 아침,every morning,,まいあさ,?朝
563,?月,매월,every month,まいつき,まいげつ,?月
564,?週,매주,every week,,まいしゅう,?週
565,?日,매일,every day,,まいにち,?日
566,?年,매년,every year,まいとし,まいねん,?年
567,?晩,매일 밤,every night,,まいばん,?晩
568,前,전,before,,まえ,前
569,曲る,구부리,"to turn,to bend",,まがる,曲る
570,まずい,맛이 없다,unpleasant,,まずい,
571,また,다른 때,"again,and",,また,
572,まだ,아직,"yet,still",,まだ,
573,町,마을,"town,city",,まち,町
574,待つ,기다리다,to wait,,まつ,待つ
575,まっすぐ,똑바로,"straight ahead,direct",,まっすぐ,
576,マッチ,경기,match,,マッチ,
577,窓,창문,window,,まど,窓
578,丸い,둥글다,"round,circular",円い,まるい,丸い/円い
579,万,만,ten thousand,,まん,万
580,万年筆,만년필,fountain pen,,まんねんひつ,万年筆
581,磨く,연마,"to brush teeth, to polish",,みがく,磨く
582,右,오른쪽,right side,,みぎ,右
583,短い,짧다,short,,みじかい,短い
584,水,물,water,,みず,水
585,店,가게,shop,,みせ,店
586,見せる,보이다,to show,,みせる,見せる
587,道,길,street,,みち,道
588,三日,삼일,"three days, third day of the month",,みっか,三日
589,三つ,세,three,,みっつ,三つ
590,?,녹색,green,,みどり,?
591,皆さん,여러분,everyone,,みなさん,皆さん
592,南,남,south,,みなみ,南
593,耳,귀,ear,,みみ,耳
594,見る,보다,"to see, to watch",?る,みる,見る ?る
595,みんな,모두,everyone,,みんな,
596,六日,6일,"six days, sixth day of the month",,むいか,六日
597,向こう,저쪽,over there,,むこう,向こう
598,難しい,어렵다,difficult,,むずかしい,難しい
599,六つ,여섯,six,,むっつ,六つ
600,村,마을,village,,むら,村
601,目,눈,eye,,め,目
602,メ?トル,미터,metre,,メ?トル,
603,眼鏡,안경,glasses,,めがね,眼鏡
604,もう,벌써,already,,もう,
605,もう一度,다시,again,,もういちど,もう一度
606,木曜日,목요일,Thursday,,もくようび,木曜日
607,持つ,쥐다,to hold,,もつ,持つ
608,もっと,더,more,,もっと,
609,物,물건,thing,,もの,物
610,門,문,gate,,もん,門
611,問題,문제,problem,,もんだい,問題
612,八百屋,청과물,greengrocer,,やおや,八百屋
613,野菜,야채,vegetable,,やさい,野菜
614,易しい,쉽다,"easy, simple",,やさしい,易しい
615,安い,싸다,cheap,,やすい,安い
616,休み,휴가,"rest,holiday",,やすみ,休み
617,休む,쉬다,to rest,,やすむ,休む
618,八つ,여덟,eight,,やっつ,八つ
619,山,산,mountain,,やま,山
620,やる,하다,to do,,やる,
621,夕方,저녁,evening,,ゆうがた,夕方
622,夕飯,저녁밥,dinner,,ゆうはん,夕飯
623,郵便局,우체국,post office,,ゆうびんきょく,郵便局
624,昨夜,지난 밤,last night,,ゆうべ,昨夜
625,有名,유명,famous,,ゆうめい,有名
626,雪,눈,snow,,ゆき,雪
627,行く,가다,to go,,ゆく,行く
628,ゆっくりと,천천히,slowly,,ゆっくりと,
629,八日,8일,"eight days, eighth day of the month",,ようか,八日
630,洋服,옷,western-style clothes,,ようふく,洋服
631,よく,잘,"often, well",,よく,
632,?,옆,"beside,side,width",,よこ,?
633,四日,4일,"four days, fouth day of the month",,よっか,四日
634,四つ,넷,four,,よっつ,四つ
635,呼ぶ,부르다,"to call out,to invite",,よぶ,呼ぶ
636,?む,읽다,to read,,よむ,?む
637,夜,밤,"evening,night",,よる,夜
638,弱い,약한,weak,,よわい,弱い
639,?月,다음달,next month,,らいげつ,?月
640,?週,다음주,next week,,らいしゅう,?週
641,?年,내년,next year,,らいねん,?年
642,ラジオ,라디오,radio,,ラジオ,
643,ラジカセ,카세트,radio cassette player,ラジオカセット,ラジカセ,
644,りっぱ,훌륭함,splendid,,りっぱ,
645,留?生,유학생,overseas student,,りゅうがくせい,留?生
646,?親,부모,both parents,,りょうしん,?親
647,料理,요리,cuisine,,りょうり,料理
648,旅行,여행,travel,,りょこう,旅行
649,零,영,zero,,れい,零
650,冷?庫,냉장고,refrigerator,,れいぞうこ,冷?庫
651,レコ?ド,기록,record,,レコ?ド,
652,レストラン,레스토랑,restaurant,,レストラン,
653,練習する,연습,to practice,,れんしゅうする,練習
654,廊下,복도,corridor,,ろうか,廊下
655,六,육,six,,ろく,六
656,ワイシャツ,셔츠,business shirt,,ワイシャツ,
657,若い,젊은,young,,わかい,若い
658,分かる,알다,to be understood,,わかる,分かる
659,忘れる,잊어 버리다,to forget,,わすれる,忘れる
660,私,나,"(humble) I,myself",,わたくし,私
661,私,나,"I,myself",,わたし,私
662,渡す,건네주다,to hand over,,わたす,渡す
663,渡る,건너다,to go across,,わたる,渡る
664,?い,나쁘다,bad,,わるい,?い
,,,,,,
